{
    "$schema": "https://schema.management.azure.com/schemas/2019-04-01/deploymentParameters.json#",
    "contentVersion": "1.0.0.0",
    "parameters": {
        "prefix": {
            "value": "<your-value-for-prefix>"
        },
        "pgdbName": {
            "value": "vgdb"
        },
        "pgsqlUserId": {
            "value": "<your-postgre-sql-user-id>"
        },
        "pgsqlPwd": {
            "value": "<your-postgre-sql-password>"
        },
        "appSecretString": {
            "value": "<your-app-secret-typically-a-random-string>"
        }
    }
}